granuleId,packageId,references,collectionCode,collectionName,contents__number,contents__congress,contents__type
CREC-2015-02-11-pt1-PgH921-3,CREC-2015-02-11,,,,,,
CREC-2015-02-11-pt1-PgH921-5,CREC-2015-02-11,,,,,,
CREC-2015-02-11-pt1-PgH921-4,CREC-2015-02-11,,,,,,
CREC-2015-02-11-pt1-PgH-FrontMatter,CREC-2015-02-11,,,,,,
CREC-2015-02-11-pt1-PgH922-2,CREC-2015-02-11,,,,,,
CREC-2015-02-11-pt1-PgH921,CREC-2015-02-11,,,,,,
CREC-2015-02-11-pt1-PgH922,CREC-2015-02-11,,,,,,
CREC-2015-02-11-pt1-PgH921-2,CREC-2015-02-11,,,,,,
CREC-2015-02-11-pt1-PgH923,CREC-2015-02-11,,BILLS,Congressional Bills,467,114,HCONRES
CREC-2015-02-11-pt1-PgH923,CREC-2015-02-11,,BILLS,Congressional Bills,467,114,HCONRES
CREC-2015-02-11-pt1-PgH925-2,CREC-2015-02-11,,,,,,
CREC-2015-02-11-pt1-PgH924-2,CREC-2015-02-11,,,,,,
CREC-2015-02-11-pt1-PgH924,CREC-2015-02-11,,,,,,
CREC-2015-02-11-pt1-PgH924-3,CREC-2015-02-11,,,,,,
CREC-2015-02-11-pt1-PgH925,CREC-2015-02-11,,,,,,
CREC-2015-02-11-pt1-PgH926,CREC-2015-02-11,,,,,,
CREC-2015-02-11-pt1-PgH926-2,CREC-2015-02-11,,,,,,
CREC-2015-02-11-pt1-PgH926-3,CREC-2015-02-11,,,,,,
CREC-2015-02-11-pt1-PgH926-4,CREC-2015-02-11,,,,,,
CREC-2015-02-11-pt1-PgH927-2,CREC-2015-02-11,,,,,,
CREC-2015-02-11-pt1-PgH926-5,CREC-2015-02-11,,,,,,
CREC-2015-02-11-pt1-PgH927,CREC-2015-02-11,,,,,,
CREC-2015-02-11-pt1-PgH927-3,CREC-2015-02-11,,,,,,
CREC-2015-02-11-pt1-PgH926-6,CREC-2015-02-11,,,,,,
CREC-2015-02-11-pt1-PgH927-4,CREC-2015-02-11,,,,,,
CREC-2015-02-11-pt1-PgH928,CREC-2015-02-11,,BILLS,Congressional Bills,431,114,HR
CREC-2015-02-11-pt1-PgH928,CREC-2015-02-11,,BILLS,Congressional Bills,431,114,HR
CREC-2015-02-11-pt1-PgH928-2,CREC-2015-02-11,,,,,,
CREC-2015-02-11-pt1-PgH928-3,CREC-2015-02-11,,,,,,
CREC-2015-02-11-pt1-PgH928-4,CREC-2015-02-11,,,,,,
CREC-2015-02-11-pt1-PgH928-5,CREC-2015-02-11,,,,,,
CREC-2015-02-11-pt1-PgH928-6,CREC-2015-02-11,,,,,,
CREC-2015-02-11-pt1-PgH928-7,CREC-2015-02-11,,,,,,
CREC-2015-02-11-pt1-PgH929,CREC-2015-02-11,,,,,,
CREC-2015-02-11-pt1-PgH929-2,CREC-2015-02-11,,,,,,
CREC-2015-02-11-pt1-PgH929-3,CREC-2015-02-11,,,,,,
CREC-2015-02-11-pt1-PgH929-4,CREC-2015-02-11,,,,,,
CREC-2015-02-11-pt1-PgH929-5,CREC-2015-02-11,,,,,,
CREC-2015-02-11-pt1-PgH930,CREC-2015-02-11,,,,,,
CREC-2015-02-11-pt1-PgH930-2,CREC-2015-02-11,,,,,,
CREC-2015-02-11-pt1-PgH930-3,CREC-2015-02-11,,,,,,
CREC-2015-02-11-pt1-PgH930-4,CREC-2015-02-11,,BILLS,Congressional Bills,1,114,S
CREC-2015-02-11-pt1-PgH930-4,CREC-2015-02-11,,BILLS,Congressional Bills,1,114,S
CREC-2015-02-11-pt1-PgH930-5,CREC-2015-02-11,,,,,,
CREC-2015-02-11-pt1-PgH930-6,CREC-2015-02-11,,BILLS,Congressional Bills,431,114,HR
CREC-2015-02-11-pt1-PgH930-6,CREC-2015-02-11,,BILLS,Congressional Bills,431,114,HR
CREC-2015-02-11-pt1-PgH946,CREC-2015-02-11,,,,,,
CREC-2015-02-11-pt1-PgH937,CREC-2015-02-11,,BILLS,Congressional Bills,1,114,S
CREC-2015-02-11-pt1-PgH937,CREC-2015-02-11,,BILLS,Congressional Bills,1,114,S
CREC-2015-02-11-pt1-PgH937,CREC-2015-02-11,,BILLS,Congressional Bills,3,114,HR
CREC-2015-02-11-pt1-PgH937,CREC-2015-02-11,,BILLS,Congressional Bills,100,114,HRES
CREC-2015-02-11-pt1-PgH937,CREC-2015-02-11,,BILLS,Congressional Bills,861,114,HR
CREC-2015-02-11-pt1-PgH946-2,CREC-2015-02-11,,,,,,
CREC-2015-02-11-pt1-PgH960,CREC-2015-02-11,,BILLS,Congressional Bills,431,114,HR
CREC-2015-02-11-pt1-PgH960,CREC-2015-02-11,,BILLS,Congressional Bills,431,114,HR
CREC-2015-02-11-pt1-PgH961,CREC-2015-02-11,,,,,,
CREC-2015-02-11-pt1-PgH947,CREC-2015-02-11,,BILLS,Congressional Bills,1,114,S
CREC-2015-02-11-pt1-PgH947,CREC-2015-02-11,,BILLS,Congressional Bills,1,114,S
CREC-2015-02-11-pt1-PgH947,CREC-2015-02-11,,BILLS,Congressional Bills,3,114,HR
CREC-2015-02-11-pt1-PgH947,CREC-2015-02-11,,BILLS,Congressional Bills,100,114,HRES
CREC-2015-02-11-pt1-PgH947,CREC-2015-02-11,,BILLS,Congressional Bills,431,114,HR
CREC-2015-02-11-pt1-PgH961-2,CREC-2015-02-11,,,,,,
CREC-2015-02-11-pt1-PgH961-3,CREC-2015-02-11,,BILLS,Congressional Bills,628,114,HR
CREC-2015-02-11-pt1-PgH961-3,CREC-2015-02-11,,BILLS,Congressional Bills,628,114,HR
CREC-2015-02-11-pt1-PgH962-2,CREC-2015-02-11,,,,,,
CREC-2015-02-11-pt1-PgH962,CREC-2015-02-11,,,,,,
CREC-2015-02-11-pt1-PgH962-3,CREC-2015-02-11,,,,,,
CREC-2015-02-11-pt1-PgH962-4,CREC-2015-02-11,,,,,,
CREC-2015-02-11-pt1-PgH969,CREC-2015-02-11,,,,,,
CREC-2015-02-11-pt1-PgH962-5,CREC-2015-02-11,,BILLS,Congressional Bills,240,114,HR
CREC-2015-02-11-pt1-PgH962-5,CREC-2015-02-11,,BILLS,Congressional Bills,240,114,HRES
CREC-2015-02-11-pt1-PgH972,CREC-2015-02-11,,BILLS,Congressional Bills,654,114,HR
CREC-2015-02-11-pt1-PgH976,CREC-2015-02-11,,,,,,
CREC-2015-02-11-pt1-PgH979,CREC-2015-02-11,,,,,,
CREC-2015-02-11-pt1-PgH979-2,CREC-2015-02-11,,,,,,
CREC-2015-02-11-pt1-PgH980,CREC-2015-02-11,,BILLS,Congressional Bills,31,114,HJRES
CREC-2015-02-11-pt1-PgH980,CREC-2015-02-11,,BILLS,Congressional Bills,104,114,HRES
CREC-2015-02-11-pt1-PgH980,CREC-2015-02-11,,BILLS,Congressional Bills,105,114,HRES
CREC-2015-02-11-pt1-PgH980,CREC-2015-02-11,,BILLS,Congressional Bills,106,114,HRES
CREC-2015-02-11-pt1-PgH980,CREC-2015-02-11,,BILLS,Congressional Bills,107,114,HRES
CREC-2015-02-11-pt1-PgH980,CREC-2015-02-11,,BILLS,Congressional Bills,860,114,HR
CREC-2015-02-11-pt1-PgH980,CREC-2015-02-11,,BILLS,Congressional Bills,861,114,HR
CREC-2015-02-11-pt1-PgH980,CREC-2015-02-11,,BILLS,Congressional Bills,862,114,HR
CREC-2015-02-11-pt1-PgH980,CREC-2015-02-11,,BILLS,Congressional Bills,863,114,HR
CREC-2015-02-11-pt1-PgH980,CREC-2015-02-11,,BILLS,Congressional Bills,864,114,HR
CREC-2015-02-11-pt1-PgH980,CREC-2015-02-11,,BILLS,Congressional Bills,865,114,HR
CREC-2015-02-11-pt1-PgH980,CREC-2015-02-11,,BILLS,Congressional Bills,866,114,HR
CREC-2015-02-11-pt1-PgH980,CREC-2015-02-11,,BILLS,Congressional Bills,867,114,HR
CREC-2015-02-11-pt1-PgH980,CREC-2015-02-11,,BILLS,Congressional Bills,868,114,HR
CREC-2015-02-11-pt1-PgH980,CREC-2015-02-11,,BILLS,Congressional Bills,869,114,HR
CREC-2015-02-11-pt1-PgH980,CREC-2015-02-11,,BILLS,Congressional Bills,870,114,HR
CREC-2015-02-11-pt1-PgH980,CREC-2015-02-11,,BILLS,Congressional Bills,871,114,HR
CREC-2015-02-11-pt1-PgH980,CREC-2015-02-11,,BILLS,Congressional Bills,872,114,HR
CREC-2015-02-11-pt1-PgH980,CREC-2015-02-11,,BILLS,Congressional Bills,873,114,HR
CREC-2015-02-11-pt1-PgH980,CREC-2015-02-11,,BILLS,Congressional Bills,874,114,HR
CREC-2015-02-11-pt1-PgH980,CREC-2015-02-11,,BILLS,Congressional Bills,875,114,HR
CREC-2015-02-11-pt1-PgH980,CREC-2015-02-11,,BILLS,Congressional Bills,876,114,HR
CREC-2015-02-11-pt1-PgH980,CREC-2015-02-11,,BILLS,Congressional Bills,877,114,HR
CREC-2015-02-11-pt1-PgH980,CREC-2015-02-11,,BILLS,Congressional Bills,878,114,HR
CREC-2015-02-11-pt1-PgH980,CREC-2015-02-11,,BILLS,Congressional Bills,879,114,HR
CREC-2015-02-11-pt1-PgH980,CREC-2015-02-11,,BILLS,Congressional Bills,880,114,HR
CREC-2015-02-11-pt1-PgH980,CREC-2015-02-11,,BILLS,Congressional Bills,881,114,HR
CREC-2015-02-11-pt1-PgH980,CREC-2015-02-11,,BILLS,Congressional Bills,882,114,HR
CREC-2015-02-11-pt1-PgH980,CREC-2015-02-11,,BILLS,Congressional Bills,883,114,HR
CREC-2015-02-11-pt1-PgH980,CREC-2015-02-11,,BILLS,Congressional Bills,884,114,HR
CREC-2015-02-11-pt1-PgH980,CREC-2015-02-11,,BILLS,Congressional Bills,885,114,HR
CREC-2015-02-11-pt1-PgH980,CREC-2015-02-11,,BILLS,Congressional Bills,886,114,HR
CREC-2015-02-11-pt1-PgH980,CREC-2015-02-11,,BILLS,Congressional Bills,887,114,HR
CREC-2015-02-11-pt1-PgH980,CREC-2015-02-11,,BILLS,Congressional Bills,888,114,HR
CREC-2015-02-11-pt1-PgH980,CREC-2015-02-11,,BILLS,Congressional Bills,889,114,HR
CREC-2015-02-11-pt1-PgH980,CREC-2015-02-11,,BILLS,Congressional Bills,890,114,HR
CREC-2015-02-11-pt1-PgH980,CREC-2015-02-11,,BILLS,Congressional Bills,891,114,HR
CREC-2015-02-11-pt1-PgH980,CREC-2015-02-11,,BILLS,Congressional Bills,892,114,HR
CREC-2015-02-11-pt1-PgH980,CREC-2015-02-11,,BILLS,Congressional Bills,893,114,HR
CREC-2015-02-11-pt1-PgH980,CREC-2015-02-11,,BILLS,Congressional Bills,894,114,HR
CREC-2015-02-11-pt1-PgH980,CREC-2015-02-11,,BILLS,Congressional Bills,895,114,HR
CREC-2015-02-11-pt1-PgH980,CREC-2015-02-11,,BILLS,Congressional Bills,896,114,HR
CREC-2015-02-11-pt1-PgH980,CREC-2015-02-11,,BILLS,Congressional Bills,897,114,HR
CREC-2015-02-11-pt1-PgH980,CREC-2015-02-11,,BILLS,Congressional Bills,898,114,HR
CREC-2015-02-11-pt1-PgH980,CREC-2015-02-11,,BILLS,Congressional Bills,899,114,HR
CREC-2015-02-11-pt1-PgH980,CREC-2015-02-11,,BILLS,Congressional Bills,900,114,HR
CREC-2015-02-11-pt1-PgH980,CREC-2015-02-11,,BILLS,Congressional Bills,901,114,HR
CREC-2015-02-11-pt1-PgH980,CREC-2015-02-11,,BILLS,Congressional Bills,902,114,HR
CREC-2015-02-11-pt1-PgH980,CREC-2015-02-11,,BILLS,Congressional Bills,903,114,HR
CREC-2015-02-11-pt1-PgH980,CREC-2015-02-11,,BILLS,Congressional Bills,904,114,HR
CREC-2015-02-11-pt1-PgH980,CREC-2015-02-11,,BILLS,Congressional Bills,905,114,HR
CREC-2015-02-11-pt1-PgH980,CREC-2015-02-11,,BILLS,Congressional Bills,906,114,HR
CREC-2015-02-11-pt1-PgH982,CREC-2015-02-11,,BILLS,Congressional Bills,54,114,HCONRES
CREC-2015-02-11-pt1-PgH982,CREC-2015-02-11,,BILLS,Congressional Bills,283,114,HRES
CREC-2015-02-11-pt1-PgH982,CREC-2015-02-11,,BILLS,Congressional Bills,410,114,SRES
CREC-2015-02-11-pt1-PgH982-3,CREC-2015-02-11,,BILLS,Congressional Bills,860,114,HR
CREC-2015-02-11-pt1-PgH982-2,CREC-2015-02-11,,,,,,
CREC-2015-02-11-pt1-PgH982-4,CREC-2015-02-11,,BILLS,Congressional Bills,861,114,HR
CREC-2015-02-11-pt1-PgH982-5,CREC-2015-02-11,,BILLS,Congressional Bills,862,114,HR
CREC-2015-02-11-pt1-PgH982-6,CREC-2015-02-11,,BILLS,Congressional Bills,863,114,HR
CREC-2015-02-11-pt1-PgH982-7,CREC-2015-02-11,,BILLS,Congressional Bills,864,114,HR
CREC-2015-02-11-pt1-PgH982-8,CREC-2015-02-11,,BILLS,Congressional Bills,865,114,HR
CREC-2015-02-11-pt1-PgH982-10,CREC-2015-02-11,,BILLS,Congressional Bills,867,114,HR
CREC-2015-02-11-pt1-PgH982-9,CREC-2015-02-11,,BILLS,Congressional Bills,866,114,HR
CREC-2015-02-11-pt1-PgH982-11,CREC-2015-02-11,,BILLS,Congressional Bills,868,114,HR
CREC-2015-02-11-pt1-PgH982-12,CREC-2015-02-11,,BILLS,Congressional Bills,869,114,HR
CREC-2015-02-11-pt1-PgH982-13,CREC-2015-02-11,,BILLS,Congressional Bills,870,114,HR
CREC-2015-02-11-pt1-PgH982-14,CREC-2015-02-11,,BILLS,Congressional Bills,871,114,HR
CREC-2015-02-11-pt1-PgH982-15,CREC-2015-02-11,,BILLS,Congressional Bills,872,114,HR
CREC-2015-02-11-pt1-PgH982-16,CREC-2015-02-11,,BILLS,Congressional Bills,873,114,HR
CREC-2015-02-11-pt1-PgH983,CREC-2015-02-11,,BILLS,Congressional Bills,874,114,HR
CREC-2015-02-11-pt1-PgH983-2,CREC-2015-02-11,,BILLS,Congressional Bills,875,114,HR
CREC-2015-02-11-pt1-PgH983-3,CREC-2015-02-11,,BILLS,Congressional Bills,876,114,HR
CREC-2015-02-11-pt1-PgH983-4,CREC-2015-02-11,,BILLS,Congressional Bills,877,114,HR
CREC-2015-02-11-pt1-PgH983-5,CREC-2015-02-11,,BILLS,Congressional Bills,878,114,HR
CREC-2015-02-11-pt1-PgH983-6,CREC-2015-02-11,,BILLS,Congressional Bills,879,114,HR
CREC-2015-02-11-pt1-PgH983-7,CREC-2015-02-11,,BILLS,Congressional Bills,880,114,HR
CREC-2015-02-11-pt1-PgH983-8,CREC-2015-02-11,,BILLS,Congressional Bills,881,114,HR
CREC-2015-02-11-pt1-PgH983-9,CREC-2015-02-11,,BILLS,Congressional Bills,882,114,HR
CREC-2015-02-11-pt1-PgH983-10,CREC-2015-02-11,,BILLS,Congressional Bills,883,114,HR
CREC-2015-02-11-pt1-PgH983-11,CREC-2015-02-11,,BILLS,Congressional Bills,884,114,HR
CREC-2015-02-11-pt1-PgH983-12,CREC-2015-02-11,,BILLS,Congressional Bills,885,114,HR
CREC-2015-02-11-pt1-PgH983-13,CREC-2015-02-11,,BILLS,Congressional Bills,886,114,HR
CREC-2015-02-11-pt1-PgH983-14,CREC-2015-02-11,,BILLS,Congressional Bills,887,114,HR
CREC-2015-02-11-pt1-PgH983-15,CREC-2015-02-11,,BILLS,Congressional Bills,888,114,HR
CREC-2015-02-11-pt1-PgH983-16,CREC-2015-02-11,,BILLS,Congressional Bills,889,114,HR
CREC-2015-02-11-pt1-PgH983-17,CREC-2015-02-11,,BILLS,Congressional Bills,890,114,HR
CREC-2015-02-11-pt1-PgH983-18,CREC-2015-02-11,,BILLS,Congressional Bills,891,114,HR
CREC-2015-02-11-pt1-PgH983-19,CREC-2015-02-11,,BILLS,Congressional Bills,892,114,HR
CREC-2015-02-11-pt1-PgH983-20,CREC-2015-02-11,,BILLS,Congressional Bills,893,114,HR
CREC-2015-02-11-pt1-PgH983-21,CREC-2015-02-11,,BILLS,Congressional Bills,894,114,HR
CREC-2015-02-11-pt1-PgH983-22,CREC-2015-02-11,,BILLS,Congressional Bills,895,114,HR
CREC-2015-02-11-pt1-PgH983-23,CREC-2015-02-11,,BILLS,Congressional Bills,896,114,HR
CREC-2015-02-11-pt1-PgH983-24,CREC-2015-02-11,,BILLS,Congressional Bills,897,114,HR
CREC-2015-02-11-pt1-PgH983-25,CREC-2015-02-11,,BILLS,Congressional Bills,898,114,HR
CREC-2015-02-11-pt1-PgH983-26,CREC-2015-02-11,,BILLS,Congressional Bills,899,114,HR
CREC-2015-02-11-pt1-PgH983-28,CREC-2015-02-11,,BILLS,Congressional Bills,901,114,HR
CREC-2015-02-11-pt1-PgH983-27,CREC-2015-02-11,,BILLS,Congressional Bills,900,114,HR
CREC-2015-02-11-pt1-PgH983-29,CREC-2015-02-11,,BILLS,Congressional Bills,902,114,HR
CREC-2015-02-11-pt1-PgH983-30,CREC-2015-02-11,,BILLS,Congressional Bills,903,114,HR
CREC-2015-02-11-pt1-PgH984,CREC-2015-02-11,,BILLS,Congressional Bills,904,114,HR
CREC-2015-02-11-pt1-PgH984-2,CREC-2015-02-11,,BILLS,Congressional Bills,905,114,HR
CREC-2015-02-11-pt1-PgH984-3,CREC-2015-02-11,,BILLS,Congressional Bills,906,114,HR
CREC-2015-02-11-pt1-PgH984-4,CREC-2015-02-11,,BILLS,Congressional Bills,31,114,HJRES
CREC-2015-02-11-pt1-PgH984-5,CREC-2015-02-11,,BILLS,Congressional Bills,9,114,HR
CREC-2015-02-11-pt1-PgH984-5,CREC-2015-02-11,,BILLS,Congressional Bills,9,114,HJRES
CREC-2015-02-11-pt1-PgH984-5,CREC-2015-02-11,,BILLS,Congressional Bills,13,114,HCONRES
CREC-2015-02-11-pt1-PgH984-5,CREC-2015-02-11,,BILLS,Congressional Bills,14,114,HRES
CREC-2015-02-11-pt1-PgH984-5,CREC-2015-02-11,,BILLS,Congressional Bills,15,114,HRES
CREC-2015-02-11-pt1-PgH984-5,CREC-2015-02-11,,BILLS,Congressional Bills,25,114,HR
CREC-2015-02-11-pt1-PgH984-5,CREC-2015-02-11,,BILLS,Congressional Bills,27,114,HR
CREC-2015-02-11-pt1-PgH984-5,CREC-2015-02-11,,BILLS,Congressional Bills,28,114,HRES
CREC-2015-02-11-pt1-PgH984-5,CREC-2015-02-11,,BILLS,Congressional Bills,38,114,HR
CREC-2015-02-11-pt1-PgH984-5,CREC-2015-02-11,,BILLS,Congressional Bills,54,114,HRES
CREC-2015-02-11-pt1-PgH984-5,CREC-2015-02-11,,BILLS,Congressional Bills,62,114,HRES
CREC-2015-02-11-pt1-PgH984-5,CREC-2015-02-11,,BILLS,Congressional Bills,67,114,HRES
CREC-2015-02-11-pt1-PgH984-5,CREC-2015-02-11,,BILLS,Congressional Bills,93,114,HRES
CREC-2015-02-11-pt1-PgH984-5,CREC-2015-02-11,,BILLS,Congressional Bills,124,114,HR
CREC-2015-02-11-pt1-PgH984-5,CREC-2015-02-11,,BILLS,Congressional Bills,169,114,HR
CREC-2015-02-11-pt1-PgH984-5,CREC-2015-02-11,,BILLS,Congressional Bills,173,114,HR
CREC-2015-02-11-pt1-PgH984-5,CREC-2015-02-11,,BILLS,Congressional Bills,174,114,HR
CREC-2015-02-11-pt1-PgH984-5,CREC-2015-02-11,,BILLS,Congressional Bills,178,114,HR
CREC-2015-02-11-pt1-PgH984-5,CREC-2015-02-11,,BILLS,Congressional Bills,188,114,HR
CREC-2015-02-11-pt1-PgH984-5,CREC-2015-02-11,,BILLS,Congressional Bills,198,114,HR
CREC-2015-02-11-pt1-PgH984-5,CREC-2015-02-11,,BILLS,Congressional Bills,204,114,HR
CREC-2015-02-11-pt1-PgH984-5,CREC-2015-02-11,,BILLS,Congressional Bills,210,114,HR
CREC-2015-02-11-pt1-PgH984-5,CREC-2015-02-11,,BILLS,Congressional Bills,232,114,HR
CREC-2015-02-11-pt1-PgH984-5,CREC-2015-02-11,,BILLS,Congressional Bills,270,114,HR
CREC-2015-02-11-pt1-PgH984-5,CREC-2015-02-11,,BILLS,Congressional Bills,280,114,HR
CREC-2015-02-11-pt1-PgH984-5,CREC-2015-02-11,,BILLS,Congressional Bills,317,114,HR
CREC-2015-02-11-pt1-PgH984-5,CREC-2015-02-11,,BILLS,Congressional Bills,353,114,HR
CREC-2015-02-11-pt1-PgH984-5,CREC-2015-02-11,,BILLS,Congressional Bills,393,114,HR
CREC-2015-02-11-pt1-PgH984-5,CREC-2015-02-11,,BILLS,Congressional Bills,402,114,HR
CREC-2015-02-11-pt1-PgH984-5,CREC-2015-02-11,,BILLS,Congressional Bills,431,114,HR
CREC-2015-02-11-pt1-PgH984-5,CREC-2015-02-11,,BILLS,Congressional Bills,443,114,HR
CREC-2015-02-11-pt1-PgH984-5,CREC-2015-02-11,,BILLS,Congressional Bills,445,114,HR
CREC-2015-02-11-pt1-PgH984-5,CREC-2015-02-11,,BILLS,Congressional Bills,448,114,HR
CREC-2015-02-11-pt1-PgH984-5,CREC-2015-02-11,,BILLS,Congressional Bills,452,114,HR
CREC-2015-02-11-pt1-PgH984-5,CREC-2015-02-11,,BILLS,Congressional Bills,456,114,HR
CREC-2015-02-11-pt1-PgH984-5,CREC-2015-02-11,,BILLS,Congressional Bills,465,114,HR
CREC-2015-02-11-pt1-PgH984-5,CREC-2015-02-11,,BILLS,Congressional Bills,471,114,HR
CREC-2015-02-11-pt1-PgH984-5,CREC-2015-02-11,,BILLS,Congressional Bills,472,114,HR
CREC-2015-02-11-pt1-PgH984-5,CREC-2015-02-11,,BILLS,Congressional Bills,486,114,HR
CREC-2015-02-11-pt1-PgH984-5,CREC-2015-02-11,,BILLS,Congressional Bills,508,114,HR
CREC-2015-02-11-pt1-PgH984-5,CREC-2015-02-11,,BILLS,Congressional Bills,519,114,HR
CREC-2015-02-11-pt1-PgH984-5,CREC-2015-02-11,,BILLS,Congressional Bills,528,114,HR
CREC-2015-02-11-pt1-PgH984-5,CREC-2015-02-11,,BILLS,Congressional Bills,529,114,HR
CREC-2015-02-11-pt1-PgH984-5,CREC-2015-02-11,,BILLS,Congressional Bills,537,114,HR
CREC-2015-02-11-pt1-PgH984-5,CREC-2015-02-11,,BILLS,Congressional Bills,540,114,HR
CREC-2015-02-11-pt1-PgH984-5,CREC-2015-02-11,,BILLS,Congressional Bills,543,114,HR
CREC-2015-02-11-pt1-PgH984-5,CREC-2015-02-11,,BILLS,Congressional Bills,546,114,HR
CREC-2015-02-11-pt1-PgH984-5,CREC-2015-02-11,,BILLS,Congressional Bills,555,114,HR
CREC-2015-02-11-pt1-PgH984-5,CREC-2015-02-11,,BILLS,Congressional Bills,556,114,HR
CREC-2015-02-11-pt1-PgH984-5,CREC-2015-02-11,,BILLS,Congressional Bills,560,114,HR
CREC-2015-02-11-pt1-PgH984-5,CREC-2015-02-11,,BILLS,Congressional Bills,571,114,HR
CREC-2015-02-11-pt1-PgH984-5,CREC-2015-02-11,,BILLS,Congressional Bills,572,114,HR
CREC-2015-02-11-pt1-PgH984-5,CREC-2015-02-11,,BILLS,Congressional Bills,577,114,HR
CREC-2015-02-11-pt1-PgH984-5,CREC-2015-02-11,,BILLS,Congressional Bills,592,114,HR
CREC-2015-02-11-pt1-PgH984-5,CREC-2015-02-11,,BILLS,Congressional Bills,594,114,HR
CREC-2015-02-11-pt1-PgH984-5,CREC-2015-02-11,,BILLS,Congressional Bills,595,114,HR
CREC-2015-02-11-pt1-PgH984-5,CREC-2015-02-11,,BILLS,Congressional Bills,598,114,HR
CREC-2015-02-11-pt1-PgH984-5,CREC-2015-02-11,,BILLS,Congressional Bills,601,114,HR
CREC-2015-02-11-pt1-PgH984-5,CREC-2015-02-11,,BILLS,Congressional Bills,603,114,HR
CREC-2015-02-11-pt1-PgH984-5,CREC-2015-02-11,,BILLS,Congressional Bills,612,114,HR
CREC-2015-02-11-pt1-PgH984-5,CREC-2015-02-11,,BILLS,Congressional Bills,622,114,HR
CREC-2015-02-11-pt1-PgH984-5,CREC-2015-02-11,,BILLS,Congressional Bills,633,114,HR
CREC-2015-02-11-pt1-PgH984-5,CREC-2015-02-11,,BILLS,Congressional Bills,638,114,HR
CREC-2015-02-11-pt1-PgH984-5,CREC-2015-02-11,,BILLS,Congressional Bills,650,114,HR
CREC-2015-02-11-pt1-PgH984-5,CREC-2015-02-11,,BILLS,Congressional Bills,654,114,HR
CREC-2015-02-11-pt1-PgH984-5,CREC-2015-02-11,,BILLS,Congressional Bills,667,114,HR
CREC-2015-02-11-pt1-PgH984-5,CREC-2015-02-11,,BILLS,Congressional Bills,676,114,HR
CREC-2015-02-11-pt1-PgH984-5,CREC-2015-02-11,,BILLS,Congressional Bills,681,114,HR
CREC-2015-02-11-pt1-PgH984-5,CREC-2015-02-11,,BILLS,Congressional Bills,708,114,HR
CREC-2015-02-11-pt1-PgH984-5,CREC-2015-02-11,,BILLS,Congressional Bills,721,114,HR
CREC-2015-02-11-pt1-PgH984-5,CREC-2015-02-11,,BILLS,Congressional Bills,731,114,HR
CREC-2015-02-11-pt1-PgH984-5,CREC-2015-02-11,,BILLS,Congressional Bills,742,114,HR
CREC-2015-02-11-pt1-PgH984-5,CREC-2015-02-11,,BILLS,Congressional Bills,746,114,HR
CREC-2015-02-11-pt1-PgH984-5,CREC-2015-02-11,,BILLS,Congressional Bills,751,114,HR
CREC-2015-02-11-pt1-PgH984-5,CREC-2015-02-11,,BILLS,Congressional Bills,756,114,HR
CREC-2015-02-11-pt1-PgH984-5,CREC-2015-02-11,,BILLS,Congressional Bills,766,114,HR
CREC-2015-02-11-pt1-PgH984-5,CREC-2015-02-11,,BILLS,Congressional Bills,767,114,HR
CREC-2015-02-11-pt1-PgH984-5,CREC-2015-02-11,,BILLS,Congressional Bills,782,114,HR
CREC-2015-02-11-pt1-PgH984-5,CREC-2015-02-11,,BILLS,Congressional Bills,789,114,HR
CREC-2015-02-11-pt1-PgH984-5,CREC-2015-02-11,,BILLS,Congressional Bills,793,114,HR
CREC-2015-02-11-pt1-PgH984-5,CREC-2015-02-11,,BILLS,Congressional Bills,794,114,HR
CREC-2015-02-11-pt1-PgH984-5,CREC-2015-02-11,,BILLS,Congressional Bills,800,114,HR
CREC-2015-02-11-pt1-PgH984-5,CREC-2015-02-11,,BILLS,Congressional Bills,801,114,HR
CREC-2015-02-11-pt1-PgH984-5,CREC-2015-02-11,,BILLS,Congressional Bills,803,114,HR
CREC-2015-02-11-pt1-PgH984-5,CREC-2015-02-11,,BILLS,Congressional Bills,814,114,HR
CREC-2015-02-11-pt1-PgH984-5,CREC-2015-02-11,,BILLS,Congressional Bills,818,114,HR
CREC-2015-02-11-pt1-PgH984-5,CREC-2015-02-11,,BILLS,Congressional Bills,842,114,HR
CREC-2015-02-11-pt1-PgH984-5,CREC-2015-02-11,,BILLS,Congressional Bills,845,114,HR
CREC-2015-02-11-pt1-PgH984-5,CREC-2015-02-11,,BILLS,Congressional Bills,850,114,HR
CREC-2015-02-11-pt1-PgH984-5,CREC-2015-02-11,,BILLS,Congressional Bills,855,114,HR
CREC-2015-02-11-pt1-PgH984-5,CREC-2015-02-11,,BILLS,Congressional Bills,858,114,HR
CREC-2015-02-11-pt1-PgS-FrontMatter-6,CREC-2015-02-11,,,,,,
CREC-2015-02-11-pt1-PgH984-6,CREC-2015-02-11,,,,,,
CREC-2015-02-11-pt1-PgS907-2,CREC-2015-02-11,,,,,,
CREC-2015-02-11-pt1-PgS907,CREC-2015-02-11,,,,,,
CREC-2015-02-11-pt1-PgS907-3,CREC-2015-02-11,,,,,,
CREC-2015-02-11-pt1-PgS907-4,CREC-2015-02-11,,,,,,
CREC-2015-02-11-pt1-PgS907-5,CREC-2015-02-11,,BILLS,Congressional Bills,240,114,HR
CREC-2015-02-11-pt1-PgS907-5,CREC-2015-02-11,,BILLS,Congressional Bills,240,114,HR
CREC-2015-02-11-pt1-PgS907-5,CREC-2015-02-11,,BILLS,Congressional Bills,272,114,S
CREC-2015-02-11-pt1-PgS910,CREC-2015-02-11,,,,,,
CREC-2015-02-11-pt1-PgS910-2,CREC-2015-02-11,,,,,,
CREC-2015-02-11-pt1-PgS910-3,CREC-2015-02-11,,,,,,
CREC-2015-02-11-pt1-PgS911,CREC-2015-02-11,,,,,,
CREC-2015-02-11-pt1-PgS913,CREC-2015-02-11,,,,,,
CREC-2015-02-11-pt1-PgS914,CREC-2015-02-11,,BILLS,Congressional Bills,469,114,S
CREC-2015-02-11-pt1-PgS915,CREC-2015-02-11,,BILLS,Congressional Bills,1,114,S
CREC-2015-02-11-pt1-PgS915,CREC-2015-02-11,,BILLS,Congressional Bills,1,114,S
CREC-2015-02-11-pt1-PgS915,CREC-2015-02-11,,BILLS,Congressional Bills,452,114,S
CREC-2015-02-11-pt1-PgS916,CREC-2015-02-11,,BILLS,Congressional Bills,240,114,HR
CREC-2015-02-11-pt1-PgS916,CREC-2015-02-11,,BILLS,Congressional Bills,240,114,HR
CREC-2015-02-11-pt1-PgS916,CREC-2015-02-11,,BILLS,Congressional Bills,295,114,S
CREC-2015-02-11-pt1-PgS916-2,CREC-2015-02-11,,BILLS,Congressional Bills,295,114,S
CREC-2015-02-11-pt1-PgS916-2,CREC-2015-02-11,,BILLS,Congressional Bills,295,114,S
CREC-2015-02-11-pt1-PgS920,CREC-2015-02-11,,,,,,
CREC-2015-02-11-pt1-PgS921,CREC-2015-02-11,,BILLS,Congressional Bills,744,114,S
CREC-2015-02-11-pt1-PgS924,CREC-2015-02-11,,BILLS,Congressional Bills,438,114,S
CREC-2015-02-11-pt1-PgS924,CREC-2015-02-11,,BILLS,Congressional Bills,438,114,S
CREC-2015-02-11-pt1-PgS925,CREC-2015-02-11,,,,,,
CREC-2015-02-11-pt1-PgS925-2,CREC-2015-02-11,,,,,,
CREC-2015-02-11-pt1-PgS925-3,CREC-2015-02-11,,BILLS,Congressional Bills,99,114,HRES
CREC-2015-02-11-pt1-PgS925-3,CREC-2015-02-11,,BILLS,Congressional Bills,710,114,HR
CREC-2015-02-11-pt1-PgS925-3,CREC-2015-02-11,,BILLS,Congressional Bills,719,114,HR
CREC-2015-02-11-pt1-PgS925-3,CREC-2015-02-11,,BILLS,Congressional Bills,720,114,HR
CREC-2015-02-11-pt1-PgS925-3,CREC-2015-02-11,,BILLS,Congressional Bills,810,114,HR
CREC-2015-02-11-pt1-PgS926,CREC-2015-02-11,,BILLS,Congressional Bills,710,114,HR
CREC-2015-02-11-pt1-PgS926,CREC-2015-02-11,,BILLS,Congressional Bills,810,114,HR
CREC-2015-02-11-pt1-PgS926-2,CREC-2015-02-11,,BILLS,Congressional Bills,446,114,S
CREC-2015-02-11-pt1-PgS926-2,CREC-2015-02-11,,BILLS,Congressional Bills,447,114,S
CREC-2015-02-11-pt1-PgS926-2,CREC-2015-02-11,,BILLS,Congressional Bills,448,114,S
CREC-2015-02-11-pt1-PgS926-2,CREC-2015-02-11,,BILLS,Congressional Bills,449,114,S
CREC-2015-02-11-pt1-PgS926-2,CREC-2015-02-11,,BILLS,Congressional Bills,450,114,S
CREC-2015-02-11-pt1-PgS926-2,CREC-2015-02-11,,BILLS,Congressional Bills,451,114,S
CREC-2015-02-11-pt1-PgS926-2,CREC-2015-02-11,,BILLS,Congressional Bills,452,114,S
CREC-2015-02-11-pt1-PgS926-2,CREC-2015-02-11,,BILLS,Congressional Bills,453,114,S
CREC-2015-02-11-pt1-PgS926-2,CREC-2015-02-11,,BILLS,Congressional Bills,454,114,S
CREC-2015-02-11-pt1-PgS926-2,CREC-2015-02-11,,BILLS,Congressional Bills,455,114,S
CREC-2015-02-11-pt1-PgS926-2,CREC-2015-02-11,,BILLS,Congressional Bills,456,114,S
CREC-2015-02-11-pt1-PgS926-2,CREC-2015-02-11,,BILLS,Congressional Bills,457,114,S
CREC-2015-02-11-pt1-PgS926-2,CREC-2015-02-11,,BILLS,Congressional Bills,458,114,S
CREC-2015-02-11-pt1-PgS926-2,CREC-2015-02-11,,BILLS,Congressional Bills,459,114,S
CREC-2015-02-11-pt1-PgS926-2,CREC-2015-02-11,,BILLS,Congressional Bills,460,114,S
CREC-2015-02-11-pt1-PgS926-2,CREC-2015-02-11,,BILLS,Congressional Bills,461,114,S
CREC-2015-02-11-pt1-PgS926-2,CREC-2015-02-11,,BILLS,Congressional Bills,462,114,S
CREC-2015-02-11-pt1-PgS926-2,CREC-2015-02-11,,BILLS,Congressional Bills,463,114,S
CREC-2015-02-11-pt1-PgS926-2,CREC-2015-02-11,,BILLS,Congressional Bills,464,114,S
CREC-2015-02-11-pt1-PgS926-2,CREC-2015-02-11,,BILLS,Congressional Bills,465,114,S
CREC-2015-02-11-pt1-PgS926-2,CREC-2015-02-11,,BILLS,Congressional Bills,466,114,S
CREC-2015-02-11-pt1-PgS926-2,CREC-2015-02-11,,BILLS,Congressional Bills,467,114,S
CREC-2015-02-11-pt1-PgS926-2,CREC-2015-02-11,,BILLS,Congressional Bills,468,114,S
CREC-2015-02-11-pt1-PgS926-2,CREC-2015-02-11,,BILLS,Congressional Bills,469,114,S
CREC-2015-02-11-pt1-PgS926-3,CREC-2015-02-11,,BILLS,Congressional Bills,8,114,SJRES
CREC-2015-02-11-pt1-PgS926-3,CREC-2015-02-11,,BILLS,Congressional Bills,8,114,SJRES
CREC-2015-02-11-pt1-PgS926-3,CREC-2015-02-11,,BILLS,Congressional Bills,26,114,SRES
CREC-2015-02-11-pt1-PgS926-3,CREC-2015-02-11,,BILLS,Congressional Bills,33,114,S
CREC-2015-02-11-pt1-PgS926-3,CREC-2015-02-11,,BILLS,Congressional Bills,36,114,S
CREC-2015-02-11-pt1-PgS926-3,CREC-2015-02-11,,BILLS,Congressional Bills,48,114,S
CREC-2015-02-11-pt1-PgS926-3,CREC-2015-02-11,,BILLS,Congressional Bills,50,114,S
CREC-2015-02-11-pt1-PgS926-3,CREC-2015-02-11,,BILLS,Congressional Bills,51,114,S
CREC-2015-02-11-pt1-PgS926-3,CREC-2015-02-11,,BILLS,Congressional Bills,83,114,S
CREC-2015-02-11-pt1-PgS926-3,CREC-2015-02-11,,BILLS,Congressional Bills,125,114,S
CREC-2015-02-11-pt1-PgS926-3,CREC-2015-02-11,,BILLS,Congressional Bills,295,114,S
CREC-2015-02-11-pt1-PgS926-3,CREC-2015-02-11,,BILLS,Congressional Bills,299,114,S
CREC-2015-02-11-pt1-PgS926-3,CREC-2015-02-11,,BILLS,Congressional Bills,301,114,S
CREC-2015-02-11-pt1-PgS926-3,CREC-2015-02-11,,BILLS,Congressional Bills,308,114,S
CREC-2015-02-11-pt1-PgS926-3,CREC-2015-02-11,,BILLS,Congressional Bills,337,114,S
CREC-2015-02-11-pt1-PgS926-3,CREC-2015-02-11,,BILLS,Congressional Bills,373,114,S
CREC-2015-02-11-pt1-PgS926-3,CREC-2015-02-11,,BILLS,Congressional Bills,409,114,S
CREC-2015-02-11-pt1-PgS926-3,CREC-2015-02-11,,BILLS,Congressional Bills,423,114,S
CREC-2015-02-11-pt1-PgS926-3,CREC-2015-02-11,,BILLS,Congressional Bills,438,114,S
CREC-2015-02-11-pt1-PgS926-3,CREC-2015-02-11,,BILLS,Congressional Bills,439,114,S
CREC-2015-02-11-pt1-PgS926-3,CREC-2015-02-11,,BILLS,Congressional Bills,441,114,S
CREC-2015-02-11-pt1-PgS927-2,CREC-2015-02-11,,BILLS,Congressional Bills,450,114,S
CREC-2015-02-11-pt1-PgS927,CREC-2015-02-11,,BILLS,Congressional Bills,450,114,S
CREC-2015-02-11-pt1-PgS927,CREC-2015-02-11,,BILLS,Congressional Bills,450,114,S
CREC-2015-02-11-pt1-PgS927,CREC-2015-02-11,,BILLS,Congressional Bills,452,114,S
CREC-2015-02-11-pt1-PgS927,CREC-2015-02-11,,BILLS,Congressional Bills,458,114,S
CREC-2015-02-11-pt1-PgS927,CREC-2015-02-11,,BILLS,Congressional Bills,461,114,S
CREC-2015-02-11-pt1-PgS927,CREC-2015-02-11,,BILLS,Congressional Bills,465,114,S
CREC-2015-02-11-pt1-PgS927,CREC-2015-02-11,,BILLS,Congressional Bills,467,114,S
CREC-2015-02-11-pt1-PgS927,CREC-2015-02-11,,BILLS,Congressional Bills,469,114,S
CREC-2015-02-11-pt1-PgS928,CREC-2015-02-11,,BILLS,Congressional Bills,452,114,S
CREC-2015-02-11-pt1-PgS929,CREC-2015-02-11,,BILLS,Congressional Bills,458,114,S
CREC-2015-02-11-pt1-PgS931,CREC-2015-02-11,,BILLS,Congressional Bills,461,114,S
CREC-2015-02-11-pt1-PgS932,CREC-2015-02-11,,BILLS,Congressional Bills,465,114,S
CREC-2015-02-11-pt1-PgS944,CREC-2015-02-11,,BILLS,Congressional Bills,469,114,S
CREC-2015-02-11-pt1-PgS939,CREC-2015-02-11,,BILLS,Congressional Bills,467,114,S
CREC-2015-02-11-pt1-PgS945,CREC-2015-02-11,,BILLS,Congressional Bills,295,114,S
CREC-2015-02-11-pt1-PgS945,CREC-2015-02-11,,BILLS,Congressional Bills,295,114,S
CREC-2015-02-11-pt1-PgS945-3,CREC-2015-02-11,,,,,,
CREC-2015-02-11-pt1-PgS945-2,CREC-2015-02-11,,BILLS,Congressional Bills,295,114,S
CREC-2015-02-11-pt1-PgS945-2,CREC-2015-02-11,,BILLS,Congressional Bills,295,114,S
CREC-2015-02-11-pt1-PgS945-4,CREC-2015-02-11,,,,,,
CREC-2015-02-11-pt1-PgS946,CREC-2015-02-11,,,,,,
CREC-2015-02-11-pt1-PgS946-2,CREC-2015-02-11,,,,,,
CREC-2015-02-11-pt1-PgS946-4,CREC-2015-02-11,,,,,,
CREC-2015-02-11-pt1-PgS946-3,CREC-2015-02-11,,,,,,
CREC-2015-02-11-pt1-PgS946-5,CREC-2015-02-11,,,,,,
CREC-2015-02-11-pt1-PgE195-2,CREC-2015-02-11,,,,,,
CREC-2015-02-11-pt1-PgE195-4,CREC-2015-02-11,,,,,,
CREC-2015-02-11-pt1-PgE195-3,CREC-2015-02-11,,,,,,
CREC-2015-02-11-pt1-PgE196,CREC-2015-02-11,,,,,,
CREC-2015-02-11-pt1-PgE196-2,CREC-2015-02-11,,,,,,
CREC-2015-02-11-pt1-PgE196-3,CREC-2015-02-11,,,,,,
CREC-2015-02-11-pt1-PgE196-5,CREC-2015-02-11,,,,,,
CREC-2015-02-11-pt1-PgE196-6,CREC-2015-02-11,,,,,,
CREC-2015-02-11-pt1-PgE196-4,CREC-2015-02-11,,,,,,
CREC-2015-02-11-pt1-PgE196-7,CREC-2015-02-11,,,,,,
CREC-2015-02-11-pt1-PgE197,CREC-2015-02-11,,,,,,
CREC-2015-02-11-pt1-PgE197-2,CREC-2015-02-11,,BILLS,Congressional Bills,70,114,HRES
CREC-2015-02-11-pt1-PgE197-2,CREC-2015-02-11,,BILLS,Congressional Bills,361,114,HR
CREC-2015-02-11-pt1-PgE197-2,CREC-2015-02-11,,BILLS,Congressional Bills,615,114,HR
CREC-2015-02-11-pt1-PgE197-2,CREC-2015-02-11,,BILLS,Congressional Bills,623,114,HR
CREC-2015-02-11-pt1-PgE197-3,CREC-2015-02-11,,,,,,
CREC-2015-02-11-pt1-PgE197-5,CREC-2015-02-11,,BILLS,Congressional Bills,596,114,HR
CREC-2015-02-11-pt1-PgE197-5,CREC-2015-02-11,,BILLS,Congressional Bills,596,114,HR
CREC-2015-02-11-pt1-PgD128,CREC-2015-02-11,,BILLS,Congressional Bills,240,114,HR
CREC-2015-02-11-pt1-PgD128,CREC-2015-02-11,,BILLS,Congressional Bills,295,114,S
CREC-2015-02-11-pt1-PgD128,CREC-2015-02-11,,BILLS,Congressional Bills,446,114,S
CREC-2015-02-11-pt1-PgD128,CREC-2015-02-11,,BILLS,Congressional Bills,469,114,S
CREC-2015-02-11-pt1-PgE198,CREC-2015-02-11,,BILLS,Congressional Bills,4,114,SRES
CREC-2015-02-11-pt1-PgE198,CREC-2015-02-11,,BILLS,Congressional Bills,4,114,SRES
CREC-2015-02-11-pt1-PgE197-4,CREC-2015-02-11,,,,,,
CREC-2015-02-11-pt1-PgD129,CREC-2015-02-11,,,,,,
CREC-2015-02-11-pt1-PgD131,CREC-2015-02-11,,BILLS,Congressional Bills,1,114,S
CREC-2015-02-11-pt1-PgD131,CREC-2015-02-11,,BILLS,Congressional Bills,31,114,HJRES
CREC-2015-02-11-pt1-PgD131,CREC-2015-02-11,,BILLS,Congressional Bills,100,114,HRES
CREC-2015-02-11-pt1-PgD131,CREC-2015-02-11,,BILLS,Congressional Bills,104,114,HRES
CREC-2015-02-11-pt1-PgD131,CREC-2015-02-11,,BILLS,Congressional Bills,107,114,HRES
CREC-2015-02-11-pt1-PgD131,CREC-2015-02-11,,BILLS,Congressional Bills,431,114,HR
CREC-2015-02-11-pt1-PgD131,CREC-2015-02-11,,BILLS,Congressional Bills,860,114,HR
CREC-2015-02-11-pt1-PgD131,CREC-2015-02-11,,BILLS,Congressional Bills,906,114,HR
CREC-2015-02-11-pt1-PgD131-2,CREC-2015-02-11,,BILLS,Congressional Bills,5,114,HR
CREC-2015-02-11-pt1-PgD131-2,CREC-2015-02-11,,BILLS,Congressional Bills,212,114,HR
CREC-2015-02-11-pt1-PgD131-2,CREC-2015-02-11,,BILLS,Congressional Bills,471,114,HR
CREC-2015-02-11-pt1-PgD131-2,CREC-2015-02-11,,BILLS,Congressional Bills,639,114,HR
CREC-2015-02-11-pt1-PgD131-2,CREC-2015-02-11,,BILLS,Congressional Bills,647,114,HR
CREC-2015-02-11-pt1-PgD131-2,CREC-2015-02-11,,BILLS,Congressional Bills,648,114,HR
CREC-2015-02-11-pt1-PgD131-2,CREC-2015-02-11,,BILLS,Congressional Bills,734,114,HR
CREC-2015-02-11-pt1-PgD134,CREC-2015-02-11,,BILLS,Congressional Bills,165,114,S
CREC-2015-02-11-pt1-PgD134,CREC-2015-02-11,,BILLS,Congressional Bills,189,114,HR
CREC-2015-02-11-pt1-PgD134,CREC-2015-02-11,,BILLS,Congressional Bills,212,114,HR
CREC-2015-02-11-pt1-PgD134,CREC-2015-02-11,,BILLS,Congressional Bills,216,114,HR
CREC-2015-02-11-pt1-PgD134,CREC-2015-02-11,,BILLS,Congressional Bills,280,114,HR
CREC-2015-02-11-pt1-PgD134,CREC-2015-02-11,,BILLS,Congressional Bills,294,114,HR
CREC-2015-02-11-pt1-PgD134,CREC-2015-02-11,,BILLS,Congressional Bills,471,114,HR
CREC-2015-02-11-pt1-PgD134,CREC-2015-02-11,,BILLS,Congressional Bills,529,114,HR
CREC-2015-02-11-pt1-PgD134,CREC-2015-02-11,,BILLS,Congressional Bills,622,114,HR
CREC-2015-02-11-pt1-PgD134,CREC-2015-02-11,,BILLS,Congressional Bills,639,114,HR
CREC-2015-02-11-pt1-PgD134,CREC-2015-02-11,,BILLS,Congressional Bills,647,114,HR
CREC-2015-02-11-pt1-PgD134,CREC-2015-02-11,,BILLS,Congressional Bills,648,114,HR
CREC-2015-02-11-pt1-PgD134,CREC-2015-02-11,,BILLS,Congressional Bills,734,114,HR
CREC-2015-02-11-pt1-PgD134,CREC-2015-02-11,,BILLS,Congressional Bills,749,114,HR
CREC-2015-02-11-pt1-PgD134,CREC-2015-02-11,,BILLS,Congressional Bills,880,114,HR
CREC-2015-02-11-pt1-PgD135,CREC-2015-02-11,,BILLS,Congressional Bills,644,114,HR
